path,name,type,size,mtime,sha256
E:\comfyui\ComfyUI-aki-v3.2\ComfyUI\models\checkpoints\ltx-2.3-22b-dev-fp8.safetensors,ltx-2.3-22b-dev-fp8.safetensors,safetensors,29145431166,2026-09-08 15:11:31,28606C5B5A06CE56F896D4DFCB20F212739E07A68FBE48E53638188449D26450
E:\comfyui\ComfyUI-aki-v3.2\ComfyUI\models\diffusion_models\10Eros_Max_h3_fl2va_beta1_pruned.safetensors,10Eros_Max_h3_fl2va_beta1_pruned.safetensors,safetensors,40222933520,2026-09-08 15:35:01,315541D5DC82DA7788091F82F30B67EA230491268FD31E7B148AC474F1D67EAB
E:\comfyui\ComfyUI-aki-v3.2\ComfyUI\models\diffusion_models\anima_baseV10.safetensors,anima_baseV10.safetensors,safetensors,4182218328,2026-09-16 16:28:14,BD43B7CFFE1ED1153D9C41E7BEB2F18CB1273EAFBAA3AF3EDD6A173DC90A006E
E:\comfyui\ComfyUI-aki-v3.2\ComfyUI\models\diffusion_models\DasiwaMinimaxH3_dasiwaREF2VAHybridV1.safetensors,DasiwaMinimaxH3_dasiwaREF2VAHybridV1.safetensors,safetensors,20970385305,2026-09-08 14:53:52,71C61492FAF65B410D0726840AC3B27B017FCFEB76B16AE11589223D81B7121C
E:\comfyui\ComfyUI-aki-v3.2\ComfyUI\models\diffusion_models\FeiHou_MiniMax-H3_Remix_v0.6_int8_convrot_v2.safetensors,FeiHou_MiniMax-H3_Remix_v0.6_int8_convrot_v2.safetensors,safetensors,34004449966,2026-09-08 15:22:53,CFF5558AF4CBEBB06447C2AB8F5CA2E97CCCEB4FA3B9FDC0AF0D6E546170BF53
E:\comfyui\ComfyUI-aki-v3.2\ComfyUI\models\diffusion_models\minimax_h3_fl2va_bf16.safetensors,minimax_h3_fl2va_bf16.safetensors,safetensors,66280487368,2026-09-08 16:10:15,907D4ADD438438EC1544F5240C3B38532ED934FE6BE75677A6BBDA2A6FDD6182
E:\comfyui\ComfyUI-aki-v3.2\ComfyUI\models\diffusion_models\minimax_h3_fl2va_int8_convrot.safetensors,minimax_h3_fl2va_int8_convrot.safetensors,safetensors,34038892334,2026-09-08 15:38:17,7AD4C73E6E378B822FFD1629F27F632D3787D95F5E468E3AF958F98C58DF96A5
E:\comfyui\ComfyUI-aki-v3.2\ComfyUI\models\diffusion_models\minimax_h3_fl2va_pruned_fp8_scaled.safetensors,minimax_h3_fl2va_pruned_fp8_scaled.safetensors,safetensors,20958205608,2026-09-08 15:37:56,12944C1F7791637E7DE12208AEF04DA82BD26B95271B1B47D817364315ADE993
E:\comfyui\ComfyUI-aki-v3.2\ComfyUI\models\diffusion_models\minimax_h3_fl2va_pruned_int8_convrot.safetensors,minimax_h3_fl2va_pruned_int8_convrot.safetensors,safetensors,20970379616,2026-09-08 15:55:51,E889202C41DAFB67B10D67B97F0D8541508036A6090AF23425A5C2615D03C47A
E:\comfyui\ComfyUI-aki-v3.2\ComfyUI\models\diffusion_models\minimax_h3_fl2va_pruned_w4a8_mixed.safetensors,minimax_h3_fl2va_pruned_w4a8_mixed.safetensors,safetensors,12540858008,2026-09-08 15:49:23,01AA7B92C007C599890461C325F9B7E3C96FB06C36F242F95B62F7F20E538DEC
E:\comfyui\ComfyUI-aki-v3.2\ComfyUI\models\diffusion_models\minimax_h3_hybrid_fl2va_ref2va_b25-49-int8.safetensors,minimax_h3_hybrid_fl2va_ref2va_b25-49-int8.safetensors,safetensors,20970379632,2026-09-08 17:21:11,A629CFEA8D89A071B140C6E1935DC9A23E72DE6BADC18975A2BB9E6D1423D76D
E:\comfyui\ComfyUI-aki-v3.2\ComfyUI\models\diffusion_models\minimax_h3_ref2va_bf16.safetensors,minimax_h3_ref2va_bf16.safetensors,safetensors,66280487368,2026-09-08 17:52:23,E32C54C1A7B4F5F397F195CEA267CCB18806303BB665678C4BEE60953BDF3026
E:\comfyui\ComfyUI-aki-v3.2\ComfyUI\models\diffusion_models\minimax_h3_ref2va_int8_convrot.safetensors,minimax_h3_ref2va_int8_convrot.safetensors,safetensors,34038894550,2026-09-08 16:48:39,9EEF934046A0671BC8A5DAF87100705E1478419C574CFDE70C50FBE6885F76A9
E:\comfyui\ComfyUI-aki-v3.2\ComfyUI\models\diffusion_models\minimax_h3_ref2va_pruned_fp8_scaled.safetensors,minimax_h3_ref2va_pruned_fp8_scaled.safetensors,safetensors,20958205608,2026-09-08 16:22:19,F86F2F79EBD2D76EB8EEB46091E83982E6FF51D255747E7B16E92834B392B8E9
E:\comfyui\ComfyUI-aki-v3.2\ComfyUI\models\diffusion_models\minimax_h3_ref2va_pruned_int8_convrot.safetensors,minimax_h3_ref2va_pruned_int8_convrot.safetensors,safetensors,20970379616,2026-09-08 16:32:55,9255F52B6677845AD238F20DFAAFA94727053694127AB7F255C048F0F9365779
E:\comfyui\ComfyUI-aki-v3.2\ComfyUI\models\diffusion_models\minimax_h3_ref2va_pruned_w4a8_mixed.safetensors,minimax_h3_ref2va_pruned_w4a8_mixed.safetensors,safetensors,11770657048,2026-09-08 16:20:26,DE2C6C29C4EE702B45E48E40DAAE3834AEEE58AB681C732D9152589A87C89910
E:\comfyui\ComfyUI-aki-v3.2\ComfyUI\models\diffusion_models\minimax_music3_dit_fp16.safetensors,minimax_music3_dit_fp16.safetensors,safetensors,4914197682,2026-09-08 16:20:20,45494A2B6B69AF115902FF28EAF54118D19067AA54DA01000F3E3EFCE7BA0E34
E:\comfyui\ComfyUI-aki-v3.2\ComfyUI\models\diffusion_models\minimax_music3_dit_fp32.safetensors,minimax_music3_dit_fp32.safetensors,safetensors,9828345396,2026-09-08 16:59:29,AB54B44BCC40EA49C44BD65FD86CADE12ADF1C5BD9A5ABA63F0C68F438554D2D
E:\comfyui\ComfyUI-aki-v3.2\ComfyUI\models\diffusion_models\minimax_music3_dit_int8_convrot.safetensors,minimax_music3_dit_int8_convrot.safetensors,safetensors,2502161682,2026-09-08 16:25:24,D6B959633E69899F99F3A92D6741C0FE79F26958A30811E50E372EF978B24D5F
E:\comfyui\ComfyUI-aki-v3.2\ComfyUI\models\latent_upscale_models\ltx-2.3-spatial-upscaler-x2-1.1.safetensors,ltx-2.3-spatial-upscaler-x2-1.1.safetensors,safetensors,995743560,2026-09-08 14:08:01,5F416311FA8172B65AF67530758964708D29A317B830D689A51143B7F91913ED
E:\comfyui\ComfyUI-aki-v3.2\ComfyUI\models\latent_upscale_models\minimax_h3_latent_upscaler_3d_fp16.safetensors,minimax_h3_latent_upscaler_3d_fp16.safetensors,safetensors,690592672,2026-09-08 14:06:55,043E5A48E161610EF6C3EA974645220354D06FA618ABCA15F76D084812EB55C2
E:\comfyui\ComfyUI-aki-v3.2\ComfyUI\models\loras\ltx-2.3-22b-distilled-lora-384.safetensors,ltx-2.3-22b-distilled-lora-384.safetensors,safetensors,7605507256,2026-09-08 16:36:11,2943AB994F3C9D88052E5A2A34CCA14E4A2DFC36B1D8C407931D52D5C25DD72B
E:\comfyui\ComfyUI-aki-v3.2\ComfyUI\models\loras\LTX-2.3-ID-LoRA-CelebVHQ-3K-V1.0.safetensors,LTX-2.3-ID-LoRA-CelebVHQ-3K-V1.0.safetensors,safetensors,1157884304,2026-09-08 16:24:33,12E6BE9C52C83047CB71470C1C63B64EBC8B13DC0DFA34400F6576BA2CD88ECF
E:\comfyui\ComfyUI-aki-v3.2\ComfyUI\models\loras\ltx-2.3-ID-LoRA-TalkVid-3k-V1.0.safetensors,ltx-2.3-ID-LoRA-TalkVid-3k-V1.0.safetensors,safetensors,1157884304,2026-09-08 16:26:48,E5AF73441743B4852F228B03E444888DFF3DA80D2666033AF2367AB7BDA6D8B9
E:\comfyui\ComfyUI-aki-v3.2\ComfyUI\models\loras\LTX2.3_Reasoning_V1.safetensors,LTX2.3_Reasoning_V1.safetensors,safetensors,674249584,2026-09-08 16:26:46,C26CF5DEB877C4940C71036F0419BDD67976D7346F7C4E836DB0A15A3C166F31
E:\comfyui\ComfyUI-aki-v3.2\ComfyUI\models\loras\minimax_h3_fl2v_lightx2v_turbo_4step_v0.1_comfy.safetensors,minimax_h3_fl2v_lightx2v_turbo_4step_v0.1_comfy.safetensors,safetensors,1956171984,2026-09-08 16:30:49,FC9B6500F0331FE925B004738BAAA31BD34104741C8BF9334816F9AC3005C8C1
E:\comfyui\ComfyUI-aki-v3.2\ComfyUI\models\loras\minimax_h3_fl2v_turbo_4step_v0.1_768p_sla_comfyui_bf16.safetensors,minimax_h3_fl2v_turbo_4step_v0.1_768p_sla_comfyui_bf16.safetensors,safetensors,1956192992,2026-09-08 16:42:57,5CAE6DF40A06EA825F85FC8876C9EA1C9692C833A9AF07BB8B3BAC9CE2A71BAC
E:\comfyui\ComfyUI-aki-v3.2\ComfyUI\models\loras\minimax_h3_fl2v_turbo_4step_v0.1_comfyui_alpha8-T8-convert.safetensors,minimax_h3_fl2v_turbo_4step_v0.1_comfyui_alpha8-T8-convert.safetensors,safetensors,1956193832,2026-09-08 16:30:45,35A4465A7911C8917C8BA3CFD2991270184474DC2FA9122BBDECAFF15D7C1B39
E:\comfyui\ComfyUI-aki-v3.2\ComfyUI\models\loras\minimax_h3_fl2v_turbo_4step_v1.0_768p_comfyui_bf16.safetensors,minimax_h3_fl2v_turbo_4step_v1.0_768p_comfyui_bf16.safetensors,safetensors,1956192992,2026-09-08 16:34:48,C396A9A06F58399E9DF9754B18299818D84A2DDD371724BA48FE4A41221437DC
E:\comfyui\ComfyUI-aki-v3.2\ComfyUI\models\loras\minimax_h3_fl2v_turbo_4step_v1.1_768p_comfyui_bf16.safetensors,minimax_h3_fl2v_turbo_4step_v1.1_768p_comfyui_bf16.safetensors,safetensors,1956192992,2026-09-08 16:34:52,449D80F301AC571622C72E28B8FD72A4B3681B7A8DF8A92F17C8F6EC43F56558
E:\comfyui\ComfyUI-aki-v3.2\ComfyUI\models\loras\minimax_h3_fl2v_turbo_4step_v1.2_768p_comfyui_bf16.safetensors,minimax_h3_fl2v_turbo_4step_v1.2_768p_comfyui_bf16.safetensors,safetensors,1956193000,2026-09-08 16:36:58,C8168EBC17BBACC4296103DDA2FEC1BA85B24392FA08CF2BFBCEF0CFF0DC3CC8
E:\comfyui\ComfyUI-aki-v3.2\ComfyUI\models\loras\minimax_h3_fl2v_turbo_8step_v1.0_768p_comfyui_bf16.safetensors,minimax_h3_fl2v_turbo_8step_v1.0_768p_comfyui_bf16.safetensors,safetensors,1956193000,2026-09-08 16:38:51,08CFE946033AF7D27719B964B6E0A0E50C32138DAABBD6CE4137E23DF6BF9980
E:\comfyui\ComfyUI-aki-v3.2\ComfyUI\models\loras\minimax_h3_fl2v_turbo_8step_v1.0_comfyui_bf16.safetensors,minimax_h3_fl2v_turbo_8step_v1.0_comfyui_bf16.safetensors,safetensors,1956193000,2026-09-08 16:38:50,2339ACDF19BFE123F46B971EA35D367A84ADB85DE43627E1ECEAFA5A5B2B111E
E:\comfyui\ComfyUI-aki-v3.2\ComfyUI\models\loras\minimax_h3_ref2v_turbo_4step_v0.1_comfyui_bf16.safetensors,minimax_h3_ref2v_turbo_4step_v0.1_comfyui_bf16.safetensors,safetensors,1956193000,2026-09-16 16:22:08,5B9AB5ADE15D0775676D01A907268A69A1468DC6033B3B0D3DED5502F3EBB84C
E:\comfyui\ComfyUI-aki-v3.2\ComfyUI\models\loras\minimax_h3_turbo_v4_step600_ema_pruned_comfyui.safetensors,minimax_h3_turbo_v4_step600_ema_pruned_comfyui.safetensors,safetensors,620285592,2026-09-08 16:37:26,7098ACF3EE75028FD9FCD948F50FCC8D995057FABB76F86BD3CA2C0FFC58E409
E:\comfyui\ComfyUI-aki-v3.2\ComfyUI\models\loras\minimax_h3_turbo_v4_step600_pruned_comfyui.safetensors,minimax_h3_turbo_v4_step600_pruned_comfyui.safetensors,safetensors,620285592,2026-09-08 16:42:36,4F95AFB2AB503EAC876AE5571F4D78B0E0FD0198B626A89F4B7727018ED198A9
E:\comfyui\ComfyUI-aki-v3.2\ComfyUI\models\loras\wushu_action_h3_lora_v4_2000_pruned.safetensors,wushu_action_h3_lora_v4_2000_pruned.safetensors,safetensors,155109488,2026-09-08 16:37:19,743CAED554D4611F919AE054D4C23534469FAEBC9E3F7F7872A7C289C9198888
E:\comfyui\ComfyUI-aki-v3.2\ComfyUI\models\loras\wushu_spatial_physics_v2_1000_pruned.safetensors,wushu_spatial_physics_v2_1000_pruned.safetensors,safetensors,155109488,2026-09-08 16:37:40,C38B8F9C43614C91A2847D290D9C5B3341536ACB4D6D8CE2D825D4CAF7EAEE6B
E:\comfyui\ComfyUI-aki-v3.2\ComfyUI\models\Qwen3-ASR\Qwen3-ASR-0.6B\model.safetensors,model.safetensors,safetensors,1876091704,2026-09-08 16:41:21,79D6CBD4C98C7BBFFE9DB2EDAC07F56CD6637D0D5944B27F6C2B8353840323EA
E:\comfyui\ComfyUI-aki-v3.2\ComfyUI\models\Qwen3-ASR\Qwen3-ASR-1.7B\model-00001-of-00002.safetensors,model-00001-of-00002.safetensors,safetensors,4220320824,2026-09-08 16:51:36,A4CD1F1A04D90B757DC7F7DD26254E69A013B19E80EFE590A83C6A3BDE8608D6
E:\comfyui\ComfyUI-aki-v3.2\ComfyUI\models\Qwen3-ASR\Qwen3-ASR-1.7B\model-00002-of-00002.safetensors,model-00002-of-00002.safetensors,safetensors,478200688,2026-09-08 16:43:58,6E0B9D9E09E2E0238E7EF3CC8A484AB387E91B90F1900BEDF88BC92D7929CCFC
E:\comfyui\ComfyUI-aki-v3.2\ComfyUI\models\Qwen3-ASR\Qwen3-ForcedAligner-0.6B\model.safetensors,model.safetensors,safetensors,1835544544,2026-09-08 16:47:43,47831D0E82F96B20E9034DBA01A075EE06436654719F6A68289E49F1B65CE0E7
E:\comfyui\ComfyUI-aki-v3.2\ComfyUI\models\Qwen3-TTS\Qwen3-TTS-12Hz-0.6B-Base\model.safetensors,model.safetensors,safetensors,1829344272,2026-09-08 16:51:34,180B3B10EB1C9F1B4DB7806D5475BAE3071C0243C299D49926BAB1DA3B6946F6
E:\comfyui\ComfyUI-aki-v3.2\ComfyUI\models\Qwen3-TTS\Qwen3-TTS-12Hz-0.6B-Base\speech_tokenizer\model.safetensors,model.safetensors,safetensors,682293092,2026-09-08 17:50:22,836B7B357F5EA43E889936A3709AF68DFE3751881ACEFE4ECF0DBD30BA571258
E:\comfyui\ComfyUI-aki-v3.2\ComfyUI\models\Qwen3-TTS\Qwen3-TTS-12Hz-1.7B-Base\model.safetensors,model.safetensors,safetensors,3857413744,2026-09-08 16:56:36,38FC7FC51C5E776E840414B6FD443962E9411B9654888FD7913E4DA643CB857C
E:\comfyui\ComfyUI-aki-v3.2\ComfyUI\models\Qwen3-TTS\Qwen3-TTS-12Hz-1.7B-Base\speech_tokenizer\model.safetensors,model.safetensors,safetensors,682293092,2026-09-08 17:50:32,836B7B357F5EA43E889936A3709AF68DFE3751881ACEFE4ECF0DBD30BA571258
E:\comfyui\ComfyUI-aki-v3.2\ComfyUI\models\text_encoders\gemma_3_12B_it_fpmixed.safetensors,gemma_3_12B_it_fpmixed.safetensors,safetensors,13708659515,2026-09-08 14:26:30,82457A446F1636422689B15FE4762E71C5D1D11FDC02AC9CD2D8C4ACEC833E52
E:\comfyui\ComfyUI-aki-v3.2\ComfyUI\models\text_encoders\minimax_music3_text_encoder_bf16.safetensors,minimax_music3_text_encoder_bf16.safetensors,safetensors,18472478038,2026-09-08 17:37:53,9805D045978CE917CD1E6327B5CD8B85DF1A46E4C69B61C9ACF3EB29891C3958
E:\comfyui\ComfyUI-aki-v3.2\ComfyUI\models\text_encoders\minimax_music3_text_encoder_pruned_bf16.safetensors,minimax_music3_text_encoder_pruned_bf16.safetensors,safetensors,16706629398,2026-09-08 17:53:42,E81E469C92AF324DC69B77E5A11179E22542A6D628F2B205C8CF6143E510D976
E:\comfyui\ComfyUI-aki-v3.2\ComfyUI\models\text_encoders\minimax_music3_text_encoder_pruned_int8_convrot.safetensors,minimax_music3_text_encoder_pruned_int8_convrot.safetensors,safetensors,9196611886,2026-09-08 17:48:34,010B7416D2336A08C711BC22EE65849C9623069DDB7D89BEC011A75699E52014
E:\comfyui\ComfyUI-aki-v3.2\ComfyUI\models\text_encoders\qwen3vl_32b_minimax_h3_bf16.safetensors,qwen3vl_32b_minimax_h3_bf16.safetensors,safetensors,51506295256,2026-09-08 18:02:28,600D567F6A9629C8574E8E7041B199BDD9C59A986AFA7906910A81919610607D
E:\comfyui\ComfyUI-aki-v3.2\ComfyUI\models\text_encoders\qwen3vl_32b_minimax_h3_int8_convrot.safetensors,qwen3vl_32b_minimax_h3_int8_convrot.safetensors,safetensors,27141342152,2026-09-08 17:47:58,BC2CED0FBEA64757FA9ACDDCCFC0B3F4819D1DCF1DA6C124D690D368BE283923
E:\comfyui\ComfyUI-aki-v3.2\ComfyUI\models\text_encoders\qwen3vl_32b_minimax_h3_nvfp4_awq.safetensors,qwen3vl_32b_minimax_h3_nvfp4_awq.safetensors,safetensors,15687142551,2026-09-08 17:29:11,35A88D51044231FE332301D7A62AA81E3F2CBA62FEBEB446E2C1E3E0EF76F2C6
E:\comfyui\ComfyUI-aki-v3.2\ComfyUI\models\text_encoders\qwen_3_06b_base.safetensors,qwen_3_06b_base.safetensors,safetensors,1192135096,2026-09-16 16:26:38,CD2A512003E2F9F3CD3C32A9C3573F820BB28C940F73C57B1DDAA983D9223EBA
E:\comfyui\ComfyUI-aki-v3.2\ComfyUI\models\vae\minimax_h3_audio_vae_fp32.safetensors,minimax_h3_audio_vae_fp32.safetensors,safetensors,605254808,2026-09-08 17:39:05,8E505D95DD1561D47ABD43D4238FD40D9BB1AE9E147ED0A4CBA778D76AE4DB48
E:\comfyui\ComfyUI-aki-v3.2\ComfyUI\models\vae\minimax_h3_video_vae_fp16.safetensors,minimax_h3_video_vae_fp16.safetensors,safetensors,5207808496,2026-09-08 17:49:14,7C1F131492E7EDDACAAC9069A61B81BDD39DE5CC96561E677C5EAB1CDCE5E522
E:\comfyui\ComfyUI-aki-v3.2\ComfyUI\models\vae\minimax_h3_video_vae_int8_convrot.safetensors,minimax_h3_video_vae_int8_convrot.safetensors,safetensors,3171670912,2026-09-08 17:53:09,9BB2D96F218C76BABD85E0611B85CA8FB330A90546C01A0005E8A58A59593410
E:\comfyui\ComfyUI-aki-v3.2\ComfyUI\models\vae\minimax_music3_dav.safetensors,minimax_music3_dav.safetensors,safetensors,216696128,2026-09-08 17:48:59,2A32155B769BE01445FCC2A8663B910FC9E1751E18DC1C3EC528064512D9EF0C
E:\comfyui\ComfyUI-aki-v3.2\ComfyUI\models\vae\qwen_image_vae.safetensors,qwen_image_vae.safetensors,safetensors,253806246,2026-09-16 16:26:09,A70580F0213E67967EE9C95F05BB400E8FB08307E017A924BF3441223E023D1F
E:\comfyui\ComfyUI-aki-v3.2\ComfyUI\models\vae_approx\taeh3.safetensors,taeh3.safetensors,safetensors,9791388,2026-09-08 14:05:33,F0F60FA072089997F817402098C2FD90777CB2660DD79CF5DF42FC1E3E08E527
E:\comfyui\models\anything-v5-PrtRE.safetensors,anything-v5-PrtRE.safetensors,safetensors,2132626102,2026-09-03 15:07:09,7F96A1A9CA9B3A3242A9AE95D19284F0D2DA8D5282B42D2D974398BF7663A252
E:\comfyui\models\ControlNet\control_v11e_sd15_ip2p_fp16.safetensors,control_v11e_sd15_ip2p_fp16.safetensors,safetensors,722601100,2026-09-03 15:04:20,11E7DBE52A73F66E701C1FAA77B8A2CB0EE3ABD721E1CAE31123F5B299093435
E:\comfyui\models\ControlNet\control_v11e_sd15_shuffle_fp16.safetensors,control_v11e_sd15_shuffle_fp16.safetensors,safetensors,722601100,2026-09-03 15:04:19,8CC77AE071888ABEFD6E80BAFCE3D2574F9F6F8AAC7AB205DB98FB12A53C1132
E:\comfyui\models\ControlNet\control_v11f1e_sd15_tile_fp16.safetensors,control_v11f1e_sd15_tile_fp16.safetensors,safetensors,722601104,2026-09-03 15:04:18,2F31868EEDB243A77932E3C63907A6BA0A2058B6D65B5C27B89EE1B7F618EA33
E:\comfyui\models\ControlNet\control_v11f1p_sd15_depth_fp16.safetensors,control_v11f1p_sd15_depth_fp16.safetensors,safetensors,722601100,2026-09-03 15:04:24,1C4A79AA52FB63F607CB9FF479EA5AA1923B6CEB21267BD14B69BD05D7B617BE
E:\comfyui\models\ControlNet\control_v11p_sd15_canny_fp16.safetensors,control_v11p_sd15_canny_fp16.safetensors,safetensors,722601100,2026-09-03 15:05:50,8932B66E15AAE835B3490DBF989F56C253104CEE08A88BF21283762F557C9F10
E:\comfyui\models\ControlNet\control_v11p_sd15_inpaint_fp16.safetensors,control_v11p_sd15_inpaint_fp16.safetensors,safetensors,722601100,2026-09-03 15:05:52,677A4FE351EDECD40CD0D7CC210A8686B59D4E55207317F12319EF746A7A5A89
E:\comfyui\models\ControlNet\control_v11p_sd15_lineart_fp16.safetensors,control_v11p_sd15_lineart_fp16.safetensors,safetensors,722601100,2026-09-03 15:05:54,10559106D1BB8196298B7A81565EDE9279295D2B2DF15165B9DBE189994DEF56
E:\comfyui\models\ControlNet\control_v11p_sd15_mlsd_fp16.safetensors,control_v11p_sd15_mlsd_fp16.safetensors,safetensors,722601100,2026-09-03 15:05:58,0D689682FCC9341581B788524AB813CDA789ACDBC16BDBECBD1B9D2221E119B7
E:\comfyui\models\ControlNet\control_v11p_sd15_normalbae_fp16.safetensors,control_v11p_sd15_normalbae_fp16.safetensors,safetensors,722601100,2026-09-03 15:07:32,79864BFC3A1DF58ED35BD92FC8DD1E4D7B85CAC424CC427B9049DDC7647CCEEC
E:\comfyui\models\ControlNet\control_v11p_sd15_openpose_fp16.safetensors,control_v11p_sd15_openpose_fp16.safetensors,safetensors,722601100,2026-09-03 15:07:18,4003C1DA17B0E4BA444E02140E1C0D83BB24B79E4DCFD613C3A554D38F0F89C7
E:\comfyui\models\ControlNet\control_v11p_sd15_scribble_fp16.safetensors,control_v11p_sd15_scribble_fp16.safetensors,safetensors,722601100,2026-09-03 15:07:23,99EDFD25B54C18C0AB19FBA8C5618F741AAC1F8C3101E7FA62CCE925AD87AE68
E:\comfyui\models\ControlNet\control_v11p_sd15_seg_fp16.safetensors,control_v11p_sd15_seg_fp16.safetensors,safetensors,722601100,2026-09-03 15:07:30,ACD4DD3DF2DA2F1F2B9DD00F4504CC0D98B20AFB608E25F1789A95C0CCDBA14A
E:\comfyui\models\ControlNet\control_v11p_sd15_softedge_fp16.safetensors,control_v11p_sd15_softedge_fp16.safetensors,safetensors,722601100,2026-09-03 15:08:45,E78FEA5B4599FEC2ECD7E3F14B171FEB290B88200C95D569EC0FF59A19BC3478
E:\comfyui\models\ControlNet\control_v11p_sd15s2_lineart_anime_fp16.safetensors,control_v11p_sd15s2_lineart_anime_fp16.safetensors,safetensors,722601100,2026-09-03 15:08:52,067BF845109AFDD1049BD9553D44FAED1AD53691BD6B5AC9EE31C87466EF7C27
E:\comfyui\models\diffusion_models\minimax_h3_fl2va_pruned_int8_convrot.safetensors,minimax_h3_fl2va_pruned_int8_convrot.safetensors,safetensors,20970379616,2026-09-03 15:23:18,E889202C41DAFB67B10D67B97F0D8541508036A6090AF23425A5C2615D03C47A
E:\comfyui\models\text_encoders\qwen3vl_32b_minimax_h3_nvfp4_awq.safetensors,qwen3vl_32b_minimax_h3_nvfp4_awq.safetensors,safetensors,15687142551,2026-09-03 15:20:57,35A88D51044231FE332301D7A62AA81E3F2CBA62FEBEB446E2C1E3E0EF76F2C6
E:\comfyui\models\vae\flux-ae.safetensors,flux-ae.safetensors,safetensors,335304388,2026-09-03 15:08:09,AFC8E28272CD15DB3919BACDB6918CE9C1ED22E96CB12C4D5ED0FBA823529E38
E:\comfyui\models\vae\minimax_h3_audio_vae_fp32.safetensors,minimax_h3_audio_vae_fp32.safetensors,safetensors,605254808,2026-09-03 15:08:50,8E505D95DD1561D47ABD43D4238FD40D9BB1AE9E147ED0A4CBA778D76AE4DB48
E:\comfyui\models\vae\minimax_h3_video_vae_fp16.safetensors,minimax_h3_video_vae_fp16.safetensors,safetensors,5207808496,2026-09-03 15:14:03,7C1F131492E7EDDACAAC9069A61B81BDD39DE5CC96561E677C5EAB1CDCE5E522
E:\model\hand_landmark.onnx,hand_landmark.onnx,onnx,4099621,2026-03-17 13:09:50,DB0898AE717B76B075D9BF563AF315B29562E11F8DF5027A1EF07B02BEF6D81C
E:\model\palm_detection.onnx,palm_detection.onnx,onnx,3905734,2026-03-17 13:09:36,78FF51C38496B7FC8B8EBDB6CC8C1ABB02FA6C38427C6848254CDABA57FCCE7C
